[
{
    "model": "tours.user",
    "pk": 1,
    "fields": {
        "name": "Ekaterina",
        "serial": 6678,
        "number": 765346,
        "phone": "+79937764932",
        "email": "ekaterinazhigadlo08@gmail.com"
    }
},
{
    "model": "tours.country",
    "pk": 1,
    "fields": {
        "name": "Россия"
    }
},
{
    "model": "tours.country",
    "pk": 2,
    "fields": {
        "name": "Беларуссия"
    }
},
{
    "model": "tours.country",
    "pk": 3,
    "fields": {
        "name": "Казахстан"
    }
},
{
    "model": "tours.country",
    "pk": 4,
    "fields": {
        "name": "Канада"
    }
},
{
    "model": "tours.country",
    "pk": 5,
    "fields": {
        "name": "Япония"
    }
},
{
    "model": "tours.country",
    "pk": 6,
    "fields": {
        "name": "Тайланд"
    }
},
{
    "model": "tours.country",
    "pk": 7,
    "fields": {
        "name": "Швейцария"
    }
},
{
    "model": "tours.country",
    "pk": 8,
    "fields": {
        "name": "Мальдивы"
    }
},
{
    "model": "tours.country",
    "pk": 9,
    "fields": {
        "name": "Италия"
    }
},
{
    "model": "tours.country",
    "pk": 10,
    "fields": {
        "name": "Норвегия"
    }
},
{
    "model": "tours.country",
    "pk": 11,
    "fields": {
        "name": "Китай"
    }
},
{
    "model": "tours.country",
    "pk": 12,
    "fields": {
        "name": "Австралия"
    }
},
{
    "model": "tours.country",
    "pk": 13,
    "fields": {
        "name": "Египет"
    }
},
{
    "model": "tours.country",
    "pk": 14,
    "fields": {
        "name": "Испания"
    }
},
{
    "model": "tours.country",
    "pk": 15,
    "fields": {
        "name": "Танзания"
    }
},
{
    "model": "tours.country",
    "pk": 16,
    "fields": {
        "name": "Мексика"
    }
},
{
    "model": "tours.country",
    "pk": 17,
    "fields": {
        "name": "Греция"
    }
},
{
    "model": "tours.country",
    "pk": 18,
    "fields": {
        "name": "Новая Зеландия"
    }
},
{
    "model": "tours.citydeparture",
    "pk": 1,
    "fields": {
        "name": "Москва"
    }
},
{
    "model": "tours.citydeparture",
    "pk": 2,
    "fields": {
        "name": "Новосибирск"
    }
},
{
    "model": "tours.citydeparture",
    "pk": 3,
    "fields": {
        "name": "Норильск"
    }
},
{
    "model": "tours.citydeparture",
    "pk": 4,
    "fields": {
        "name": "Санкт-Петербург"
    }
},
{
    "model": "tours.citydeparture",
    "pk": 5,
    "fields": {
        "name": "Екатеринбург"
    }
},
{
    "model": "tours.citydeparture",
    "pk": 6,
    "fields": {
        "name": "Казань"
    }
},
{
    "model": "tours.category",
    "pk": 1,
    "fields": {
        "name": "Тур",
        "description": "Поездка в какой-либо с включенными: проживанием, питанием, экскурсиями"
    }
},
{
    "model": "tours.category",
    "pk": 2,
    "fields": {
        "name": "Экскурсия",
        "description": "Поход куда-либо в какой-либо стране"
    }
},
{
    "model": "tours.tour",
    "pk": 4,
    "fields": {
        "title": "Тур в Альберто",
        "description": "Горы и природа",
        "url": "alberto",
        "image": "tours/T1.png",
        "destination": 4,
        "location": 1,
        "type": 1,
        "price": 10000.0,
        "duration": 3,
        "max_tickets": 20,
        "current_tickets": 9
    }
},
{
    "model": "tours.tour",
    "pk": 6,
    "fields": {
        "title": "Тур в Британскую Колумбию",
        "description": "Лес и океан",
        "url": "british_columbia",
        "image": "tours/T2.png",
        "destination": 4,
        "location": 1,
        "type": 1,
        "price": 26000.0,
        "duration": 7,
        "max_tickets": 15,
        "current_tickets": 13
    }
},
{
    "model": "tours.tour",
    "pk": 7,
    "fields": {
        "title": "Тур в Японию",
        "description": "Исследуйте Токио и Киото",
        "url": "japan",
        "image": "tours/T3.png",
        "destination": 5,
        "location": 2,
        "type": 1,
        "price": 30000.0,
        "duration": 14,
        "max_tickets": 15,
        "current_tickets": 10
    }
},
{
    "model": "tours.tour",
    "pk": 8,
    "fields": {
        "title": "Отдых в Таиланде",
        "description": "Пляжи и море",
        "url": "thailand",
        "image": "tours/T4.png",
        "destination": 6,
        "location": 3,
        "type": 1,
        "price": 30000.0,
        "duration": 14,
        "max_tickets": 10,
        "current_tickets": 7
    }
},
{
    "model": "tours.tour",
    "pk": 10,
    "fields": {
        "title": "Вершины Альп: от Люцерна до Церматта",
        "description": "Погрузитесь в незабываемое путешествие по сердцу Швейцарских Альп. Вас ждут очаровательные города, пасторальные деревушки, кристальные озёра и альпийские луга, где звон коровьих колокольчиков смешивается с ароматом горных трав. Каждое утро — как открытка, каждое место — как сцена из сказки.",
        "url": "versh_alp",
        "image": "tours/alp_BTQhlfn.jpg",
        "destination": 7,
        "location": 1,
        "type": 1,
        "price": 45000.0,
        "duration": 7,
        "max_tickets": 15,
        "current_tickets": 0
    }
},
{
    "model": "tours.tour",
    "pk": 11,
    "fields": {
        "title": "Glacier Express — панорамный поезд через Альпы",
        "description": "Медленно скользящий поезда Glacier Express — это не просто транспорт, а настоящее приключение. Вы проедете через 91 тоннель и пересечёте 291 мост, наблюдая, как за окнами проплывают отвесные скалы, снежные вершины и крохотные шале, словно сошедшие с открытки.",
        "url": "alp_exscurs",
        "image": "tours/image6_MUMHaFq.jpeg",
        "destination": 7,
        "location": 1,
        "type": 2,
        "price": 10000.0,
        "duration": 1,
        "max_tickets": 10,
        "current_tickets": 0
    }
},
{
    "model": "tours.tour",
    "pk": 12,
    "fields": {
        "title": "Райские острова: отдых без обуви и забот",
        "description": "Отключите телефон, выбросьте туфли и растворитесь в покое Мальдив. Это место — для тех, кто ищет уединение, шелест прибоя, закаты, от которых замирает сердце, и ночи, наполненные звуками природы. Жизнь здесь течёт медленно, как танец на песке.",
        "url": "maldiv_tour",
        "image": "tours/image10_ecC2LBp.jpeg",
        "destination": 8,
        "location": 1,
        "type": 1,
        "price": 55000.0,
        "duration": 8,
        "max_tickets": 30,
        "current_tickets": 10
    }
},
{
    "model": "tours.tour",
    "pk": 13,
    "fields": {
        "title": "Сноркелинг на рифах Ари-Атолла",
        "description": "Вы ныряете в подводный калейдоскоп: кораллы всех форм и оттенков, косяки цветных рыб, черепахи и, если повезёт — даже рифовые акулы. Инструктор бережно сопровождает, а GoPro фиксирует вашу подводную сказку.",
        "url": "maldiv_excurs",
        "image": "tours/image14_ey125uB.jpeg",
        "destination": 8,
        "location": 1,
        "type": 2,
        "price": 15000.0,
        "duration": 1,
        "max_tickets": 10,
        "current_tickets": 6
    }
},
{
    "model": "tours.tour",
    "pk": 14,
    "fields": {
        "title": "Венецианская сказка: тайны воды и времени",
        "description": "В Венеции время останавливается. Вы гуляете по мостикам, слышите, как вечерний колокол отзывается в туманном воздухе, пьёте апероль с видом на закат и теряетесь в лабиринтах улиц, где за каждым углом прячется история любви или предательства.",
        "url": "italia_venez_tour",
        "image": "tours/image18_nwtID3o.jpeg",
        "destination": 9,
        "location": 3,
        "type": 1,
        "price": 50000.0,
        "duration": 5,
        "max_tickets": 20,
        "current_tickets": 12
    }
},
{
    "model": "tours.tour",
    "pk": 15,
    "fields": {
        "title": "Дворец Дожей — власть и величие",
        "description": "Этот готический шедевр не только великолепен снаружи, но и скрывает множество залов, секретных проходов и камер инквизиции. Гид расскажет, как рождалась и падала Венецианская республика, и вы почувствуете дыхание времени на каждом шагу.",
        "url": "italia_dojey_excurs",
        "image": "tours/image23_CImhRwZ.jpeg",
        "destination": 9,
        "location": 3,
        "type": 2,
        "price": 13000.0,
        "duration": 1,
        "max_tickets": 19,
        "current_tickets": 4
    }
},
{
    "model": "tours.tour",
    "pk": 16,
    "fields": {
        "title": "От Банфа до Джаспера — к сердцу дикой природы",
        "description": "Представьте себе кедровые леса, изумрудные озёра, горы, где в утренней дымке пробегают олени, и свежий воздух, который пьёшь как воду. Путешествие по Национальным паркам Канады — это возвращение к себе, к простоте и красоте природы.",
        "url": "kanad_bandfa",
        "image": "tours/image27_I00nupC.jpeg",
        "destination": 4,
        "location": 4,
        "type": 1,
        "price": 32500.0,
        "duration": 10,
        "max_tickets": 34,
        "current_tickets": 25
    }
},
{
    "model": "tours.tour",
    "pk": 17,
    "fields": {
        "title": "Озеро Луиза — жемчужина Скалистых гор",
        "description": "Вы сядете в лодку и неспешно отправитесь по зеркальной глади озера, окружённого заснеженными вершинами. Иногда можно услышать, как трескается лёд на дальнем леднике — голос вечности, обращённый к человеку.",
        "url": "kanad_bandfa_excurs",
        "image": "tours/image31_aDBs7nG.jpeg",
        "destination": 4,
        "location": 4,
        "type": 2,
        "price": 21000.0,
        "duration": 1,
        "max_tickets": 13,
        "current_tickets": 3
    }
},
{
    "model": "tours.tour",
    "pk": 18,
    "fields": {
        "title": "Магия фьордов и северного сияния",
        "description": "Фьорды — это не просто пейзажи, это порталы в другое измерение. Горы, обрывающиеся в океан, крохотные домики на склонах, вечнозелёные сосны, водопады, будто струны арфы… А по вечерам — охота за северным сиянием, которое танцует на небе, как духи предков.",
        "url": "norf_magic_tour",
        "image": "tours/image35_FwSMYmA.jpeg",
        "destination": 10,
        "location": 2,
        "type": 1,
        "price": 19000.0,
        "duration": 7,
        "max_tickets": 16,
        "current_tickets": 2
    }
},
{
    "model": "tours.tour",
    "pk": 19,
    "fields": {
        "title": "Круиз по Гейрангер-фьорду",
        "description": "Один из самых красивых фьордов в мире, внесённый в список ЮНЕСКО. Вы отправитесь в плавание между скал, а капитан покажет водопады «Семь сестёр» и «Жених». Возможно, вы увидите дельфинов или тюленей, выплывающих навстречу судну.",
        "url": "norf_cruiz_excurs",
        "image": "tours/image39_FB24ksl.jpeg",
        "destination": 10,
        "location": 2,
        "type": 2,
        "price": 9000.0,
        "duration": 1,
        "max_tickets": 14,
        "current_tickets": 0
    }
},
{
    "model": "tours.tour",
    "pk": 20,
    "fields": {
        "title": "Древний Китай: от Великой стены до Запретного города",
        "description": "Китай удивляет масштабами и духом. Вы побываете в сердце империй, где каждое здание — философия, каждый храм — отражение Вселенной. Гудящий Пекин сменяется горами и тишиной, чайными плантациями и шелестом бумаги на мастер-классах каллиграфии",
        "url": "chine_tour",
        "image": "tours/image43_ZQlWJ3G.jpeg",
        "destination": 11,
        "location": 1,
        "type": 1,
        "price": 65990.0,
        "duration": 9,
        "max_tickets": 23,
        "current_tickets": 19
    }
},
{
    "model": "tours.tour",
    "pk": 21,
    "fields": {
        "title": "Прогулка по Великой Китайской стене",
        "description": "Вы поднимаетесь по каменным ступеням и вдруг осознаёте масштаб: великая змея из камня уходит за горизонт. Ветер шумит в волосах, а где-то внизу лежит страна, которую стена защищала веками.",
        "url": "chine_excurs",
        "image": "tours/image47_m5onv0U.png",
        "destination": 11,
        "location": 1,
        "type": 2,
        "price": 11000.0,
        "duration": 1,
        "max_tickets": 34,
        "current_tickets": 10
    }
},
{
    "model": "tours.tour",
    "pk": 22,
    "fields": {
        "title": "Австралийская мозаика: от мегаполиса до рифа",
        "description": "Сидней, Мельбурн, Голд-Кост… А потом — джунгли, кенгуру, горы Синего хребта и конечно, океан. Это тур для тех, кто хочет увидеть, как одна страна может вместить весь мир: от небоскрёбов до аборигенских легенд.",
        "url": "avstra_tour",
        "image": "tours/image51_semuJnB.jpeg",
        "destination": 12,
        "location": 3,
        "type": 1,
        "price": 24000.0,
        "duration": 12,
        "max_tickets": 24,
        "current_tickets": 0
    }
},
{
    "model": "tours.tour",
    "pk": 23,
    "fields": {
        "title": "Погружение к Большому Барьерному рифу",
        "description": "Вы отправитесь на лодке в открытое море, наденете оборудование и нырнёте в другой мир. Кораллы, как цветной мозайкой, покрывают дно. Рыбы — как с мультфильма, а вода — настолько прозрачна, что кажется, вы летите.\r\nПродолжительность: 5 часов",
        "url": "avstra_barier_excurs",
        "image": "tours/image55_cZZiSOD.jpeg",
        "destination": 12,
        "location": 3,
        "type": 2,
        "price": 5000.0,
        "duration": 1,
        "max_tickets": 16,
        "current_tickets": 13
    }
},
{
    "model": "tours.tour",
    "pk": 24,
    "fields": {
        "title": "Екатеринбург - История на границе Европы и Азии",
        "description": "Город, в котором встречаются металл, легенды, архитектура конструктивизма и трагические главы истории. Вы побываете в Храме-на-Крови, погуляете по набережной Исети, заглянете в музей с артефактами Романовых и постоите одной ногой в Европе, другой — в Азии.",
        "url": "ekb_excurs",
        "image": "tours/image60_NtOlBi6.jpeg",
        "destination": 1,
        "location": 5,
        "type": 2,
        "price": 4500.0,
        "duration": 6,
        "max_tickets": 10,
        "current_tickets": 0
    }
},
{
    "model": "tours.tour",
    "pk": 25,
    "fields": {
        "title": "Санкт-Петербург - Белые ночи и тайны императорского города",
        "description": "Вы увидите Северную Венецию с воды, проплывая под разводными мостами, услышите живой голос экскурсовода в Эрмитаже, прогуляетесь по Летнему саду и узнаете, где на самом деле спрятан Янтарный кабинет.\r\nПродолжительность: 6 часов",
        "url": "spb_white_excurs",
        "image": "tours/image64_4TAyQc1.jpeg",
        "destination": 1,
        "location": 4,
        "type": 2,
        "price": 7300.0,
        "duration": 1,
        "max_tickets": 15,
        "current_tickets": 5
    }
},
{
    "model": "tours.tour",
    "pk": 26,
    "fields": {
        "title": "Казань - Там, где Восток встречает Запад",
        "description": "Город с тысячелетней историей, где мечети соседствуют с соборами, а кухня объединяет пельмени и эчпочмак. Вы посетите Казанский Кремль, увидите знаменитую башню Сююмбике, прокатитесь по Волге и услышите легенды древних татар.\r\nПродолжительность: 5 часов",
        "url": "kazan_vost_excurs",
        "image": "tours/image68_RmFywaR.jpeg",
        "destination": 1,
        "location": 6,
        "type": 2,
        "price": 3550.0,
        "duration": 1,
        "max_tickets": 21,
        "current_tickets": 10
    }
},
{
    "model": "tours.tour",
    "pk": 28,
    "fields": {
        "title": "Чайные сады и мегаполисы Японии",
        "description": "Очарование старинного Киото с его красочными храмами, живописными аллеями бамбука и неспешными чайными церемониями сочетается с яркой, пульсирующей жизнью Осаки, города неоновых огней и уличной кухни. Тур для тех, кто хочет ощутить две стороны Японии!",
        "url": "japan__tea_tour",
        "image": "tours/image72_aO66HJL.jpeg",
        "destination": 5,
        "location": 2,
        "type": 1,
        "price": 45000.0,
        "duration": 8,
        "max_tickets": 21,
        "current_tickets": 7
    }
},
{
    "model": "tours.tour",
    "pk": 29,
    "fields": {
        "title": "Прогулка по Бамбуковому лесу Арасияма",
        "description": "Волшебный Бамбуковый лес в Киото словно переносит вас в другой мир: высокие изумрудные стебли шелестят над головой, а мягкий свет пробивается сквозь зелёную толщу. Вы пройдёте по тенистым тропинкам, увидите древние пагоды и сможете посетить храм Тэнрю-дзи — один из красивейших садов Японии, где царит гармония природы и архитектуры.\r\nПродолжительность: 3 часа",
        "url": "japan_bamb_tour",
        "image": "tours/image76_L5exAJm.jpeg",
        "destination": 5,
        "location": 2,
        "type": 2,
        "price": 14000.0,
        "duration": 1,
        "max_tickets": 17,
        "current_tickets": 0
    }
},
{
    "model": "tours.tour",
    "pk": 30,
    "fields": {
        "title": "Гастротур по улице Дотонбори в Осаке",
        "description": "Осака — это рай для гурманов! На ярко освещённой улице Дотонбори вы попробуете знаменитые тако-яки (шарики с осьминогом), окономияки (японские блинчики) и полюбуетесь на светящиеся вывески, включая знаменитого «бегущего человека». Атмосфера веселья, ароматов и уличной музыки останется в памяти навсегда!\r\nПродолжительность: 2,5 часа",
        "url": "japan_osaka_excurs",
        "image": "tours/image80_BX8A2gl.jpeg",
        "destination": 5,
        "location": 2,
        "type": 2,
        "price": 5000.0,
        "duration": 1,
        "max_tickets": 14,
        "current_tickets": 0
    }
},
{
    "model": "tours.tour",
    "pk": 31,
    "fields": {
        "title": "Загадки фараонов",
        "description": "Путешествие сквозь тысячелетия: грандиозные пирамиды, загадочный Сфинкс и древние тайны фараонов. Ощутите дух великой цивилизации, прокатившись по берегам Нила и прогуливаясь по величественным храмам, словно в лабиринте древних миров.",
        "url": "egipet_tour",
        "image": "tours/image84_GbrBU3h.jpeg",
        "destination": 13,
        "location": 6,
        "type": 1,
        "price": 43690.0,
        "duration": 7,
        "max_tickets": 25,
        "current_tickets": 10
    }
},
{
    "model": "tours.tour",
    "pk": 32,
    "fields": {
        "title": "Пирамиды Гизы и Сфинкс",
        "description": "Вы окажетесь перед величием трёх гигантов — пирамид Хеопса, Хефрена и Микерина. Узнайте секреты их строительства и тайны древнеегипетской цивилизации, почувствуйте дыхание тысячелетий. Завершит экскурсию встреча с Великой Сфинксом — загадочным стражем пустыни.\r\nПродолжительность 4 часа",
        "url": "egipet_sfinks_excurs",
        "image": "tours/image88_4zN5OOB.jpeg",
        "destination": 13,
        "location": 6,
        "type": 2,
        "price": 10000.0,
        "duration": 1,
        "max_tickets": 20,
        "current_tickets": 10
    }
},
{
    "model": "tours.tour",
    "pk": 33,
    "fields": {
        "title": "Долина Царей в Луксоре",
        "description": "Вас ждёт захватывающее путешествие в сердце египетской истории: великолепные гробницы фараонов, покрытые древними росписями, расскажут о потусторонних мирах, верованиях и обрядах древнего Египта. Прикоснитесь к легендам в долине, где покоился сам Тутанхамон.\r\nПродолжительность: 5 часов",
        "url": "egipet_cari_excurs",
        "image": "tours/image93_AP2kYlX.png",
        "destination": 13,
        "location": 6,
        "type": 2,
        "price": 12000.0,
        "duration": 1,
        "max_tickets": 13,
        "current_tickets": 5
    }
},
{
    "model": "tours.tour",
    "pk": 34,
    "fields": {
        "title": "Архитектурная симфония Барселоны",
        "description": "Барселона — город мечты и свободы, где здания превращаются в сказочные скульптуры, а узкие улицы Готического квартала шепчут истории прошлого. В этом туре вы окунетесь в магию Гауди, солнечное тепло пляжей и беззаботную радость жизни!",
        "url": "ispania_barselona_tour",
        "image": "tours/image98_gKfoN6p.jpeg",
        "destination": 14,
        "location": 4,
        "type": 1,
        "price": 69990.0,
        "duration": 6,
        "max_tickets": 30,
        "current_tickets": 10
    }
},
{
    "model": "tours.tour",
    "pk": 35,
    "fields": {
        "title": "Шедевры Гауди: Саграда Фамилия и Парк Гуэль",
        "description": "Вы восхититесь готической величественностью Саграда Фамилия — храма, который словно растет из земли. Затем прогулка приведет вас в Парк Гуэль: фантастические мозаики, причудливые формы и виды на всю Барселону создадут ощущение сказки.\r\nПродолжительность: 4 часа",
        "url": "ispania_gaydi_excurs",
        "image": "tours/image102_n4yx5ST.jpeg",
        "destination": 14,
        "location": 6,
        "type": 2,
        "price": 17590.0,
        "duration": 1,
        "max_tickets": 12,
        "current_tickets": 5
    }
},
{
    "model": "tours.tour",
    "pk": 36,
    "fields": {
        "title": "Готический квартал: лабиринт истории",
        "description": "Вас ждут узкие средневековые улицы, крошечные площади, величественные соборы и тайные уголки. Погрузитесь в атмосферу старой Барселоны, почувствуйте её ритм и узнайте о легендах города, спрятанных в камне и витиеватых улочках.\r\nПродолжительность: 3 часа",
        "url": "ispania_gotic_excurs",
        "image": "tours/image106_O3TfX4S.jpeg",
        "destination": 14,
        "location": 6,
        "type": 2,
        "price": 3700.0,
        "duration": 1,
        "max_tickets": 30,
        "current_tickets": 10
    }
},
{
    "model": "tours.tour",
    "pk": 37,
    "fields": {
        "title": "Великая миграция",
        "description": "Настоящее приключение в сердце Африки! Великая миграция антилоп гну, охота хищников и необъятные просторы саванны под огненными закатами — это сафари, которое останется в сердце навсегда.",
        "url": "tanzania_tour",
        "image": "tours/image110_p5thS2X.jpeg",
        "destination": 15,
        "location": 5,
        "type": 1,
        "price": 35990.0,
        "duration": 9,
        "max_tickets": 19,
        "current_tickets": 10
    }
},
{
    "model": "tours.tour",
    "pk": 38,
    "fields": {
        "title": "Утренняя сафари-экспедиция",
        "description": "На рассвете саванна наполняется жизнью: львы выходят на охоту, стада зебр и антилоп пересекают пыльные равнины. Вы отправитесь в открытом джипе в сердце Серенгети, чтобы стать свидетелем невероятных сцен дикой природы в её естественной среде.\r\nПродолжительность: 6 часов",
        "url": "tanzania_savann_excurs",
        "image": "tours/image115_gjlLxA8.jpeg",
        "destination": 15,
        "location": 5,
        "type": 2,
        "price": 7990.0,
        "duration": 1,
        "max_tickets": 13,
        "current_tickets": 10
    }
},
{
    "model": "tours.tour",
    "pk": 39,
    "fields": {
        "title": "Сафари на закате в кратере Нгоронгоро",
        "description": "Закат над кратером превращает пейзаж в полотно теплых красок. Вы увидите редчайших животных: носорогов, слонов, гепардов в этом уникальном природном заповеднике, возникшем на месте древнего вулкана.\r\nПродолжительность: 5 часов",
        "url": "tanzania_safari_excurs",
        "image": "tours/image119_uZOkKfZ.jpeg",
        "destination": 15,
        "location": 5,
        "type": 2,
        "price": 14990.0,
        "duration": 1,
        "max_tickets": 21,
        "current_tickets": 10
    }
},
{
    "model": "tours.tour",
    "pk": 40,
    "fields": {
        "title": "От майя до Карибов",
        "description": "Погружение в мир ярких красок, древних загадок и бесконечных пляжей. Мексика завораживает: бирюзовые воды Карибского моря, древние руины на утесах и освежающие купания в таинственных сенотах.",
        "url": "mexica_tour",
        "image": "tours/image122_FFftNXx.jpeg",
        "destination": 16,
        "location": 1,
        "type": 1,
        "price": 54990.0,
        "duration": 7,
        "max_tickets": 17,
        "current_tickets": 8
    }
},
{
    "model": "tours.tour",
    "pk": 41,
    "fields": {
        "title": "Тулум и плавание в сеноте",
        "description": "На скале над бирюзовыми водами Карибского моря вас встретит древний город майя — Тулум. После прогулки среди старинных стен и храмов вас ждет купание в загадочных сенотах — подземных озерах с кристально чистой водой в окружении сталактитов.\r\nПродолжительность: 5 часов",
        "url": "mexica_tylym_excurs",
        "image": "tours/image126_AzkKDHq.jpeg",
        "destination": 16,
        "location": 1,
        "type": 2,
        "price": 15990.0,
        "duration": 1,
        "max_tickets": 16,
        "current_tickets": 6
    }
},
{
    "model": "tours.tour",
    "pk": 42,
    "fields": {
        "title": "Пирамиды Чичен-Ицы",
        "description": "Перед вами откроется одна из величайших загадок мира — пирамида Кукулькана. Вы узнаете о жертвоприношениях, астрономии майя и тайных механизмах, скрытых в архитектуре древнего города.\r\nПродолжительность: 4 часа",
        "url": "mexica_piramyd_excurs",
        "image": "tours/image130_VRW0C2j.jpeg",
        "destination": 16,
        "location": 1,
        "type": 2,
        "price": 21090.0,
        "duration": 1,
        "max_tickets": 15,
        "current_tickets": 10
    }
},
{
    "model": "tours.tour",
    "pk": 43,
    "fields": {
        "title": "Эхо древности и морских закатов",
        "description": "Путешествие сквозь века и мечты: от мраморных колонн Акрополя до белоснежных домиков Санторини, усыпавших скалистые склоны над сверкающим морем. Древние легенды и романтика Эгейского моря в одном туре!",
        "url": "greeze_tour",
        "image": "tours/image134_yFAFG87.jpeg",
        "destination": 17,
        "location": 2,
        "type": 1,
        "price": 78990.0,
        "duration": 8,
        "max_tickets": 23,
        "current_tickets": 10
    }
},
{
    "model": "tours.tour",
    "pk": 44,
    "fields": {
        "title": "Акрополь и музей Акрополя",
        "description": "Пройдитесь по тропинкам, где зарождалась философия и искусство. Вы подниметесь на холм Акрополя, увидите Парфенон и затем посетите один из лучших музеев мира, где под стеклянными полами сияют древние улицы.\r\nПродолжительность: 3,5 часа",
        "url": "greeze_acropol_excurs",
        "image": "tours/image138_10AaH4g.jpeg",
        "destination": 17,
        "location": 2,
        "type": 2,
        "price": 15990.0,
        "duration": 1,
        "max_tickets": 25,
        "current_tickets": 10
    }
},
{
    "model": "tours.tour",
    "pk": 45,
    "fields": {
        "title": "Закат в деревне Ия на Санторини",
        "description": "Белоснежные домики, ярко-синие купола церквей, бескрайнее Эгейское море... Вы отправитесь в Ию — идеальное место для наблюдения заката, когда небо окрашивается в оранжево-розовые оттенки, а город словно загорается золотым светом.\r\nПродолжительность: 2,5 часа",
        "url": "greeze_iya_excurs",
        "image": "tours/image142_Z4fWB1S.jpeg",
        "destination": 17,
        "location": 2,
        "type": 2,
        "price": 21990.0,
        "duration": 1,
        "max_tickets": 18,
        "current_tickets": 10
    }
},
{
    "model": "tours.tour",
    "pk": 46,
    "fields": {
        "title": "Волшебство Средиземья",
        "description": "Добро пожаловать в мир, где реальность выглядит как декорация к фильму! Южный остров Новой Зеландии — это захватывающие дух горы, величественные фьорды и ледники, где природа словно сошла с полотна художника.\r\nПродолжительность: 10 дней",
        "url": "nov_zeland_tour",
        "image": "tours/image146_IiUnorD.jpeg",
        "destination": 18,
        "location": 2,
        "type": 1,
        "price": 56990.0,
        "duration": 10,
        "max_tickets": 21,
        "current_tickets": 10
    }
},
{
    "model": "tours.tour",
    "pk": 47,
    "fields": {
        "title": "Круиз по фьорду Милфорд-Саунд",
        "description": "На борту корабля вы будете скользить по водам одного из красивейших фьордов планеты: отвесные скалы, ревущие водопады и заснеженные пики создадут незабываемое ощущение первозданной природы.\r\nПродолжительность: 5 часов",
        "url": "nov_zeland_saynd_excurs",
        "image": "tours/image150_CqZnZ95.jpeg",
        "destination": 18,
        "location": 2,
        "type": 2,
        "price": 12000.0,
        "duration": 1,
        "max_tickets": 16,
        "current_tickets": 10
    }
},
{
    "model": "tours.tour",
    "pk": 48,
    "fields": {
        "title": "Прогулка к леднику Франц-Джозеф",
        "description": "Пешая прогулка приведет вас к мощному леднику, обрамленному густыми тропическими лесами. Удивительное место, где мир льда встречает мир зелени!\r\nПродолжительность: 4 часа",
        "url": "nov_zeland_led_excurs",
        "image": "tours/image154_d96mX8b.jpeg",
        "destination": 18,
        "location": 2,
        "type": 2,
        "price": 17990.0,
        "duration": 1,
        "max_tickets": 13,
        "current_tickets": 0
    }
},
{
    "model": "tours.tourimages",
    "pk": 1,
    "fields": {
        "tour": 4,
        "images": "tours/T1_WNAUpKa.png"
    }
},
{
    "model": "tours.tourimages",
    "pk": 2,
    "fields": {
        "tour": 4,
        "images": "tours/T6_L2dDPfv.png"
    }
},
{
    "model": "tours.tourimages",
    "pk": 3,
    "fields": {
        "tour": 4,
        "images": "tours/T8_SLTbZ8d.png"
    }
},
{
    "model": "tours.tourimages",
    "pk": 4,
    "fields": {
        "tour": 10,
        "images": "tours/image3_AXTWa4J.jpeg"
    }
},
{
    "model": "tours.tourimages",
    "pk": 5,
    "fields": {
        "tour": 10,
        "images": "tours/image4_2BSHfXo.jpeg"
    }
},
{
    "model": "tours.tourimages",
    "pk": 6,
    "fields": {
        "tour": 10,
        "images": "tours/image5_ReISl0A.jpeg"
    }
},
{
    "model": "tours.tourimages",
    "pk": 7,
    "fields": {
        "tour": 11,
        "images": "tours/image7_TXATZWM.jpeg"
    }
},
{
    "model": "tours.tourimages",
    "pk": 8,
    "fields": {
        "tour": 11,
        "images": "tours/image8_hxO1kGf.png"
    }
},
{
    "model": "tours.tourimages",
    "pk": 9,
    "fields": {
        "tour": 11,
        "images": "tours/image9_YtEFLDv.jpeg"
    }
},
{
    "model": "tours.tourimages",
    "pk": 10,
    "fields": {
        "tour": 12,
        "images": "tours/image11_4nYsb8q.jpeg"
    }
},
{
    "model": "tours.tourimages",
    "pk": 11,
    "fields": {
        "tour": 12,
        "images": "tours/image12_6l6IHvo.jpeg"
    }
},
{
    "model": "tours.tourimages",
    "pk": 12,
    "fields": {
        "tour": 12,
        "images": "tours/image13_a43JbIW.jpeg"
    }
},
{
    "model": "tours.tourimages",
    "pk": 13,
    "fields": {
        "tour": 13,
        "images": "tours/image15_Tf7NqKC.jpeg"
    }
},
{
    "model": "tours.tourimages",
    "pk": 14,
    "fields": {
        "tour": 13,
        "images": "tours/image16_VflhQVO.jpeg"
    }
},
{
    "model": "tours.tourimages",
    "pk": 15,
    "fields": {
        "tour": 13,
        "images": "tours/image17_8aspcqE.jpeg"
    }
},
{
    "model": "tours.tourimages",
    "pk": 16,
    "fields": {
        "tour": 14,
        "images": "tours/image19_qlEa9GO.jpeg"
    }
},
{
    "model": "tours.tourimages",
    "pk": 17,
    "fields": {
        "tour": 14,
        "images": "tours/image20_vsyEQSf.jpeg"
    }
},
{
    "model": "tours.tourimages",
    "pk": 18,
    "fields": {
        "tour": 14,
        "images": "tours/image21_LR404gf.png"
    }
},
{
    "model": "tours.tourimages",
    "pk": 19,
    "fields": {
        "tour": 14,
        "images": "tours/image22_cGeNBmC.jpeg"
    }
},
{
    "model": "tours.tourimages",
    "pk": 20,
    "fields": {
        "tour": 15,
        "images": "tours/image24_D7QDguh.jpeg"
    }
},
{
    "model": "tours.tourimages",
    "pk": 21,
    "fields": {
        "tour": 15,
        "images": "tours/image25_Oj0Z19v.jpeg"
    }
},
{
    "model": "tours.tourimages",
    "pk": 22,
    "fields": {
        "tour": 15,
        "images": "tours/image26_EdBC8KJ.png"
    }
},
{
    "model": "tours.tourimages",
    "pk": 23,
    "fields": {
        "tour": 16,
        "images": "tours/image28_dYmOjfg.jpeg"
    }
},
{
    "model": "tours.tourimages",
    "pk": 24,
    "fields": {
        "tour": 16,
        "images": "tours/image29_zJc1Q3w.jpeg"
    }
},
{
    "model": "tours.tourimages",
    "pk": 25,
    "fields": {
        "tour": 16,
        "images": "tours/image30_lx3yP3i.jpeg"
    }
},
{
    "model": "tours.tourimages",
    "pk": 26,
    "fields": {
        "tour": 17,
        "images": "tours/image32_2y7UgYp.jpeg"
    }
},
{
    "model": "tours.tourimages",
    "pk": 27,
    "fields": {
        "tour": 17,
        "images": "tours/image33_qaOIxPY.jpeg"
    }
},
{
    "model": "tours.tourimages",
    "pk": 28,
    "fields": {
        "tour": 17,
        "images": "tours/image34_PvrYRbJ.jpeg"
    }
},
{
    "model": "tours.tourimages",
    "pk": 29,
    "fields": {
        "tour": 18,
        "images": "tours/image36_i2uZY5p.jpeg"
    }
},
{
    "model": "tours.tourimages",
    "pk": 30,
    "fields": {
        "tour": 18,
        "images": "tours/image37_pdpPEJD.jpeg"
    }
},
{
    "model": "tours.tourimages",
    "pk": 31,
    "fields": {
        "tour": 18,
        "images": "tours/image38_HRTavXT.jpeg"
    }
},
{
    "model": "tours.tourimages",
    "pk": 32,
    "fields": {
        "tour": 19,
        "images": "tours/image40_AkSeS04.jpeg"
    }
},
{
    "model": "tours.tourimages",
    "pk": 33,
    "fields": {
        "tour": 19,
        "images": "tours/image41_9jZaBUW.jpeg"
    }
},
{
    "model": "tours.tourimages",
    "pk": 34,
    "fields": {
        "tour": 19,
        "images": "tours/image42_oDnKBn7.jpeg"
    }
},
{
    "model": "tours.tourimages",
    "pk": 35,
    "fields": {
        "tour": 20,
        "images": "tours/image44_xh4lhpn.jpeg"
    }
},
{
    "model": "tours.tourimages",
    "pk": 36,
    "fields": {
        "tour": 20,
        "images": "tours/image45_dicl4B4.jpeg"
    }
},
{
    "model": "tours.tourimages",
    "pk": 37,
    "fields": {
        "tour": 20,
        "images": "tours/image46_xCS1B6u.jpeg"
    }
},
{
    "model": "tours.tourimages",
    "pk": 38,
    "fields": {
        "tour": 21,
        "images": "tours/image48_A1dnmhs.jpeg"
    }
},
{
    "model": "tours.tourimages",
    "pk": 39,
    "fields": {
        "tour": 21,
        "images": "tours/image49_rm6ORqu.jpeg"
    }
},
{
    "model": "tours.tourimages",
    "pk": 40,
    "fields": {
        "tour": 21,
        "images": "tours/image50_z2sKFBd.jpeg"
    }
},
{
    "model": "tours.tourimages",
    "pk": 41,
    "fields": {
        "tour": 22,
        "images": "tours/image52_nJm7BSM.jpeg"
    }
},
{
    "model": "tours.tourimages",
    "pk": 42,
    "fields": {
        "tour": 22,
        "images": "tours/image53_X3GHVzk.jpeg"
    }
},
{
    "model": "tours.tourimages",
    "pk": 43,
    "fields": {
        "tour": 22,
        "images": "tours/image54_DUV0z9O.jpeg"
    }
},
{
    "model": "tours.tourimages",
    "pk": 44,
    "fields": {
        "tour": 23,
        "images": "tours/image56_Gfrf47p.jpeg"
    }
},
{
    "model": "tours.tourimages",
    "pk": 45,
    "fields": {
        "tour": 23,
        "images": "tours/image57_lk47jb9.jpeg"
    }
},
{
    "model": "tours.tourimages",
    "pk": 46,
    "fields": {
        "tour": 23,
        "images": "tours/image58_1C3WzHO.jpeg"
    }
},
{
    "model": "tours.tourimages",
    "pk": 47,
    "fields": {
        "tour": 24,
        "images": "tours/image61_g7l1tI4.jpeg"
    }
},
{
    "model": "tours.tourimages",
    "pk": 48,
    "fields": {
        "tour": 24,
        "images": "tours/image62_zFf9TlA.jpeg"
    }
},
{
    "model": "tours.tourimages",
    "pk": 49,
    "fields": {
        "tour": 24,
        "images": "tours/image63_rWTK2d4.jpeg"
    }
},
{
    "model": "tours.tourimages",
    "pk": 50,
    "fields": {
        "tour": 25,
        "images": "tours/image65_sxTxf15.jpeg"
    }
},
{
    "model": "tours.tourimages",
    "pk": 51,
    "fields": {
        "tour": 25,
        "images": "tours/image66_4VpB7fa.jpeg"
    }
},
{
    "model": "tours.tourimages",
    "pk": 52,
    "fields": {
        "tour": 25,
        "images": "tours/image67_Qbie2DJ.jpeg"
    }
},
{
    "model": "tours.tourimages",
    "pk": 53,
    "fields": {
        "tour": 26,
        "images": "tours/image69_YGMj0te.jpeg"
    }
},
{
    "model": "tours.tourimages",
    "pk": 54,
    "fields": {
        "tour": 26,
        "images": "tours/image70_yqmBhqX.jpeg"
    }
},
{
    "model": "tours.tourimages",
    "pk": 55,
    "fields": {
        "tour": 26,
        "images": "tours/image71_9qSNzWF.jpeg"
    }
},
{
    "model": "tours.tourimages",
    "pk": 56,
    "fields": {
        "tour": 28,
        "images": "tours/image73_gVIdKrQ.jpeg"
    }
},
{
    "model": "tours.tourimages",
    "pk": 57,
    "fields": {
        "tour": 28,
        "images": "tours/image74_pNp97rw.jpeg"
    }
},
{
    "model": "tours.tourimages",
    "pk": 58,
    "fields": {
        "tour": 28,
        "images": "tours/image75_qBscq8c.jpeg"
    }
},
{
    "model": "tours.tourimages",
    "pk": 59,
    "fields": {
        "tour": 29,
        "images": "tours/image77_ElShZSO.jpeg"
    }
},
{
    "model": "tours.tourimages",
    "pk": 60,
    "fields": {
        "tour": 29,
        "images": "tours/image78_gUvE8gl.jpeg"
    }
},
{
    "model": "tours.tourimages",
    "pk": 61,
    "fields": {
        "tour": 29,
        "images": "tours/image79_VETj3Vw.jpeg"
    }
},
{
    "model": "tours.tourimages",
    "pk": 62,
    "fields": {
        "tour": 30,
        "images": "tours/image81_VbMk24C.jpeg"
    }
},
{
    "model": "tours.tourimages",
    "pk": 63,
    "fields": {
        "tour": 30,
        "images": "tours/image82_A8MYcUP.jpeg"
    }
},
{
    "model": "tours.tourimages",
    "pk": 64,
    "fields": {
        "tour": 30,
        "images": "tours/image83_6ZO2h28.jpeg"
    }
},
{
    "model": "tours.tourimages",
    "pk": 65,
    "fields": {
        "tour": 31,
        "images": "tours/image85_yj1k9YX.jpeg"
    }
},
{
    "model": "tours.tourimages",
    "pk": 66,
    "fields": {
        "tour": 31,
        "images": "tours/image86_uv7zp0i.jpeg"
    }
},
{
    "model": "tours.tourimages",
    "pk": 67,
    "fields": {
        "tour": 31,
        "images": "tours/image87_85CakVS.jpeg"
    }
},
{
    "model": "tours.tourimages",
    "pk": 68,
    "fields": {
        "tour": 32,
        "images": "tours/image89_b7YBgoB.jpeg"
    }
},
{
    "model": "tours.tourimages",
    "pk": 69,
    "fields": {
        "tour": 32,
        "images": "tours/image90_fiXls0M.jpeg"
    }
},
{
    "model": "tours.tourimages",
    "pk": 70,
    "fields": {
        "tour": 32,
        "images": "tours/image91_1pd6Kye.jpeg"
    }
},
{
    "model": "tours.tourimages",
    "pk": 71,
    "fields": {
        "tour": 32,
        "images": "tours/image92_lh5QtZ7.jpeg"
    }
},
{
    "model": "tours.tourimages",
    "pk": 72,
    "fields": {
        "tour": 33,
        "images": "tours/image94_96RRJ6t.png"
    }
},
{
    "model": "tours.tourimages",
    "pk": 73,
    "fields": {
        "tour": 33,
        "images": "tours/image95_embPuEF.jpeg"
    }
},
{
    "model": "tours.tourimages",
    "pk": 74,
    "fields": {
        "tour": 33,
        "images": "tours/image96_1nCmBEj.jpeg"
    }
},
{
    "model": "tours.tourimages",
    "pk": 75,
    "fields": {
        "tour": 33,
        "images": "tours/image97_oFCLWfg.jpeg"
    }
},
{
    "model": "tours.tourimages",
    "pk": 76,
    "fields": {
        "tour": 34,
        "images": "tours/image99_8kBzFqD.jpeg"
    }
},
{
    "model": "tours.tourimages",
    "pk": 77,
    "fields": {
        "tour": 34,
        "images": "tours/image100_ALVKO1v.jpeg"
    }
},
{
    "model": "tours.tourimages",
    "pk": 78,
    "fields": {
        "tour": 34,
        "images": "tours/image101_PLXa2cw.jpeg"
    }
},
{
    "model": "tours.tourimages",
    "pk": 79,
    "fields": {
        "tour": 35,
        "images": "tours/image103_yC2SKsX.jpeg"
    }
},
{
    "model": "tours.tourimages",
    "pk": 80,
    "fields": {
        "tour": 35,
        "images": "tours/image104_XC7A3aS.jpeg"
    }
},
{
    "model": "tours.tourimages",
    "pk": 81,
    "fields": {
        "tour": 35,
        "images": "tours/image106_9vPxvs0.jpeg"
    }
},
{
    "model": "tours.tourimages",
    "pk": 82,
    "fields": {
        "tour": 36,
        "images": "tours/image107_Tv7DsiM.jpeg"
    }
},
{
    "model": "tours.tourimages",
    "pk": 83,
    "fields": {
        "tour": 36,
        "images": "tours/image108_3n5prDj.jpeg"
    }
},
{
    "model": "tours.tourimages",
    "pk": 84,
    "fields": {
        "tour": 36,
        "images": "tours/image108_QfgMafV.jpeg"
    }
},
{
    "model": "tours.tourimages",
    "pk": 85,
    "fields": {
        "tour": 37,
        "images": "tours/image111_lVNPxSo.jpeg"
    }
},
{
    "model": "tours.tourimages",
    "pk": 86,
    "fields": {
        "tour": 37,
        "images": "tours/image112_CKqpr0V.jpeg"
    }
},
{
    "model": "tours.tourimages",
    "pk": 87,
    "fields": {
        "tour": 37,
        "images": "tours/image113_0OOKwU4.jpeg"
    }
},
{
    "model": "tours.tourimages",
    "pk": 88,
    "fields": {
        "tour": 38,
        "images": "tours/image115_8NTfeqZ.jpeg"
    }
},
{
    "model": "tours.tourimages",
    "pk": 89,
    "fields": {
        "tour": 38,
        "images": "tours/image114_A5neUBL.jpeg"
    }
},
{
    "model": "tours.tourimages",
    "pk": 90,
    "fields": {
        "tour": 38,
        "images": "tours/image116_qhGgMtm.jpeg"
    }
},
{
    "model": "tours.tourimages",
    "pk": 91,
    "fields": {
        "tour": 38,
        "images": "tours/image117_8S1hDC3.jpeg"
    }
},
{
    "model": "tours.tourimages",
    "pk": 92,
    "fields": {
        "tour": 39,
        "images": "tours/image120_Up1uOIH.jpeg"
    }
},
{
    "model": "tours.tourimages",
    "pk": 93,
    "fields": {
        "tour": 39,
        "images": "tours/image121_z05a84A.jpeg"
    }
},
{
    "model": "tours.tourimages",
    "pk": 94,
    "fields": {
        "tour": 39,
        "images": "tours/image122_oOFT2uO.jpeg"
    }
},
{
    "model": "tours.tourimages",
    "pk": 95,
    "fields": {
        "tour": 40,
        "images": "tours/image123_NcDMlrz.jpeg"
    }
},
{
    "model": "tours.tourimages",
    "pk": 96,
    "fields": {
        "tour": 40,
        "images": "tours/image124_Ee2OvE1.jpeg"
    }
},
{
    "model": "tours.tourimages",
    "pk": 97,
    "fields": {
        "tour": 40,
        "images": "tours/image125_pdtHCT6.jpeg"
    }
},
{
    "model": "tours.tourimages",
    "pk": 98,
    "fields": {
        "tour": 41,
        "images": "tours/image127_jjWGAk3.jpeg"
    }
},
{
    "model": "tours.tourimages",
    "pk": 99,
    "fields": {
        "tour": 41,
        "images": "tours/image128_G81ndwQ.jpeg"
    }
},
{
    "model": "tours.tourimages",
    "pk": 100,
    "fields": {
        "tour": 41,
        "images": "tours/image129_GfcIytt.jpeg"
    }
},
{
    "model": "tours.tourimages",
    "pk": 101,
    "fields": {
        "tour": 42,
        "images": "tours/image131_fDZ3AG3.jpeg"
    }
},
{
    "model": "tours.tourimages",
    "pk": 102,
    "fields": {
        "tour": 42,
        "images": "tours/image132_sJigoIa.jpeg"
    }
},
{
    "model": "tours.tourimages",
    "pk": 103,
    "fields": {
        "tour": 42,
        "images": "tours/image133_rXH9ZDc.jpeg"
    }
},
{
    "model": "tours.tourimages",
    "pk": 104,
    "fields": {
        "tour": 43,
        "images": "tours/image135_QR7cOAW.jpeg"
    }
},
{
    "model": "tours.tourimages",
    "pk": 105,
    "fields": {
        "tour": 43,
        "images": "tours/image136_7G4mWxt.jpeg"
    }
},
{
    "model": "tours.tourimages",
    "pk": 106,
    "fields": {
        "tour": 43,
        "images": "tours/image137_xBn0KGU.jpeg"
    }
},
{
    "model": "tours.tourimages",
    "pk": 107,
    "fields": {
        "tour": 44,
        "images": "tours/image139_eQR21Xe.jpeg"
    }
},
{
    "model": "tours.tourimages",
    "pk": 108,
    "fields": {
        "tour": 44,
        "images": "tours/image140_lEojFdE.jpeg"
    }
},
{
    "model": "tours.tourimages",
    "pk": 109,
    "fields": {
        "tour": 44,
        "images": "tours/image141_9KJxwc1.jpeg"
    }
},
{
    "model": "tours.tourimages",
    "pk": 110,
    "fields": {
        "tour": 45,
        "images": "tours/image143_T8OTeEA.jpeg"
    }
},
{
    "model": "tours.tourimages",
    "pk": 111,
    "fields": {
        "tour": 45,
        "images": "tours/image144_zwUNkKO.jpeg"
    }
},
{
    "model": "tours.tourimages",
    "pk": 112,
    "fields": {
        "tour": 45,
        "images": "tours/image145_h1R4f37.jpeg"
    }
},
{
    "model": "tours.tourimages",
    "pk": 113,
    "fields": {
        "tour": 46,
        "images": "tours/image147_e84D21f.jpeg"
    }
},
{
    "model": "tours.tourimages",
    "pk": 114,
    "fields": {
        "tour": 46,
        "images": "tours/image148_c03Ahwx.jpeg"
    }
},
{
    "model": "tours.tourimages",
    "pk": 115,
    "fields": {
        "tour": 46,
        "images": "tours/image149_l0SsWeQ.jpeg"
    }
},
{
    "model": "tours.tourimages",
    "pk": 116,
    "fields": {
        "tour": 47,
        "images": "tours/image151_8J84Zqr.jpeg"
    }
},
{
    "model": "tours.tourimages",
    "pk": 117,
    "fields": {
        "tour": 47,
        "images": "tours/image152_O7lttLv.jpeg"
    }
},
{
    "model": "tours.tourimages",
    "pk": 118,
    "fields": {
        "tour": 47,
        "images": "tours/image153_lnpWZVJ.jpeg"
    }
},
{
    "model": "tours.tourimages",
    "pk": 119,
    "fields": {
        "tour": 48,
        "images": "tours/image155_bEiDpnU.jpeg"
    }
},
{
    "model": "tours.tourimages",
    "pk": 120,
    "fields": {
        "tour": 48,
        "images": "tours/image156_qJcHCkj.jpeg"
    }
},
{
    "model": "tours.tourimages",
    "pk": 121,
    "fields": {
        "tour": 48,
        "images": "tours/image157_joisQWb.jpeg"
    }
},
{
    "model": "tours.booking",
    "pk": 1,
    "fields": {
        "tourTitle": 4,
        "formData": 1,
        "amount_tickets": 11
    }
}
]
